redeem,reward,hiveid,server,date,status
swxdshappy25,Mystical Scroll x3,samuer007,china,2025-01-13T01:51:03.935692Z,手动领取过
sw2025jan6a8,Energy x1,samuer007,china,2025-01-13T01:52:21.979325Z,手动领取过
swxdshappy25,Mystical Scroll x3,safety007,china,2025-01-13T01:56:02.430231Z,手动领取过
sw2025jan6a8,Energy x1,safety007,china,2025-01-13T01:58:01.663674Z,手动领取过
swxdshappy25,Mystical Scroll x3,1940519852,china,2025-01-13T02:00:57.934023Z,手动领取过
sw2025jan6a8,Energy x1,1940519852,china,2025-01-13T02:01:38.612607Z,手动领取过
swxdshappy25,Mystical Scroll x3,763066,china,2025-01-13T02:06:01.246154Z,手动领取过
sw2025jan6a8,Energy x1,763066,china,2025-01-13T02:07:12.066279Z,手动领取过
swxdshappy25,Mystical Scroll x3,Vittical,china,2025-01-13T02:11:45.821352Z,手动领取过
sw2025jan6a8,Energy x1,Vittical,china,2025-01-13T02:12:58.717910Z,手动领取过
swxdshappy25,Mystical Scroll x3,759830,china,2025-01-13T02:16:27.479143Z,手动领取过
sw2025jan6a8,Energy x1,759830,china,2025-01-13T02:17:01.002922Z,手动领取过
swxdshappy25,Mystical Scroll x3,ZQLDHJ,china,2025-01-13T02:21:13.749043Z,手动领取过
sw2025jan6a8,Energy x1,ZQLDHJ,china,2025-01-13T02:22:07.161657Z,手动领取过
swxdshappy25,Mystical Scroll x3,zhang921027,china,2025-01-13T02:25:33.918189Z,手动领取过
sw2025jan6a8,Energy x1,zhang921027,china,2025-01-13T02:28:03.851135Z,手动领取过
swxdshappy25,Mystical Scroll x3,hyyni1234,china,2025-01-13T02:31:46.667887Z,手动领取过
sw2025jan6a8,Energy x1,hyyni1234,china,2025-01-13T02:33:12.462669Z,手动领取过
swxdshappy25,Mystical Scroll x3,ZXFAILXY0322,china,2025-01-13T02:36:58.144168Z,手动领取过
sw2025jan6a8,Energy x1,ZXFAILXY0322,china,2025-01-13T02:38:45.152538Z,手动领取过
swxdshappy25,Mystical Scroll x3,linchao0510,china,2025-01-13T02:43:33.050153Z,手动领取过
sw2025jan6a8,Energy x1,linchao0510,china,2025-01-13T02:45:00.936358Z,手动领取过
swxdshappy25,Mystical Scroll x3,gcnu2768,china,2025-01-13T02:49:34.896407Z,手动领取过
sw2025jan6a8,Energy x1,gcnu2768,china,2025-01-13T02:50:15.881169Z,手动领取过
swxdshappy25,Mystical Scroll x3,wwcc998,china,2025-01-13T02:54:28.673677Z,手动领取过
sw2025jan6a8,Energy x1,wwcc998,china,2025-01-13T02:55:39.142631Z,手动领取过
swxdshappy25,Mystical Scroll x3,78619630,china,2025-01-13T02:58:16.261005Z,手动领取过
sw2025jan6a8,Energy x1,78619630,china,2025-01-13T03:00:04.465691Z,手动领取过
swxdshappy25,Mystical Scroll x3,jk187,china,2025-01-13T03:03:46.543870Z,手动领取过
sw2025jan6a8,Energy x1,jk187,china,2025-01-13T03:05:26.518777Z,手动领取过
swxdshappy25,Mystical Scroll x3,dshujun,china,2025-01-13T03:09:41.352753Z,手动领取过
sw2025jan6a8,Energy x1,dshujun,china,2025-01-13T03:10:06.888285Z,手动领取过
swxdshappy25,Mystical Scroll x3,kkws228,china,2025-01-13T03:12:34.376290Z,手动领取过
sw2025jan6a8,Energy x1,kkws228,china,2025-01-13T03:14:40.824717Z,手动领取过
bereadyforss32,,samuer007,china,2025-01-18T20:17:42.558239Z,已自动领取
allthebestin2025,,samuer007,china,2025-01-18T20:19:35.696253Z,已自动领取
bereadyforss32,,safety007,china,2025-01-18T20:20:37.735264Z,已自动领取
allthebestin2025,,safety007,china,2025-01-18T20:21:37.193254Z,已自动领取
bereadyforss32,,1940519852,china,2025-01-18T20:23:14.721121Z,手动领取过
allthebestin2025,,1940519852,china,2025-01-18T20:24:54.857926Z,手动领取过
bereadyforss32,,763066,china,2025-01-18T20:26:47.570514Z,已自动领取
allthebestin2025,,763066,china,2025-01-18T20:27:59.309466Z,已自动领取
bereadyforss32,,Vittical,china,2025-01-18T20:29:10.791412Z,已自动领取
allthebestin2025,,Vittical,china,2025-01-18T20:30:06.711456Z,已自动领取
bereadyforss32,,759830,china,2025-01-18T20:31:34.038728Z,已自动领取
allthebestin2025,,759830,china,2025-01-18T20:32:44.102441Z,已自动领取
bereadyforss32,,ZQLDHJ,china,2025-01-18T20:33:45.295539Z,已自动领取
allthebestin2025,,ZQLDHJ,china,2025-01-18T20:34:59.845342Z,已自动领取
bereadyforss32,,zhang921027,china,2025-01-18T20:35:47.598327Z,已自动领取
allthebestin2025,,zhang921027,china,2025-01-18T20:37:20.936270Z,已自动领取
bereadyforss32,,hyyni1234,china,2025-01-18T20:38:21.369113Z,已自动领取
allthebestin2025,,hyyni1234,china,2025-01-18T20:39:16.263706Z,已自动领取
bereadyforss32,,ZXFAILXY0322,china,2025-01-18T20:40:38.661079Z,已自动领取
allthebestin2025,,ZXFAILXY0322,china,2025-01-18T20:42:41.289343Z,已自动领取
bereadyforss32,,linchao0510,china,2025-01-18T20:44:23.538509Z,已自动领取
allthebestin2025,,linchao0510,china,2025-01-18T20:44:59.194947Z,已自动领取
bereadyforss32,,gcnu2768,china,2025-01-18T20:46:30.608183Z,手动领取过
allthebestin2025,,gcnu2768,china,2025-01-18T20:46:59.921840Z,手动领取过
bereadyforss32,,wwcc998,china,2025-01-18T20:48:19.130784Z,手动领取过
allthebestin2025,,wwcc998,china,2025-01-18T20:49:43.211344Z,手动领取过
bereadyforss32,,78619630,china,2025-01-18T20:50:07.816329Z,手动领取过
allthebestin2025,,78619630,china,2025-01-18T20:51:06.740105Z,手动领取过
bereadyforss32,,jk187,china,2025-01-18T20:52:32.697027Z,手动领取过
allthebestin2025,,jk187,china,2025-01-18T20:53:25.008012Z,已自动领取
bereadyforss32,,dshujun,china,2025-01-18T20:55:27.846506Z,已自动领取
allthebestin2025,,dshujun,china,2025-01-18T20:56:22.449290Z,已自动领取
bereadyforss32,,kkws228,china,2025-01-18T20:57:32.844245Z,手动领取过
allthebestin2025,,kkws228,china,2025-01-18T20:59:16.797211Z,手动领取过
swxdshappy25,Mystical Scroll x3,1029709109,china,2025-01-18T22:33:37.043303Z,已自动领取
sw2025jan6a8,Energy x1,1029709109,china,2025-01-18T22:35:34.637670Z,手动领取过
bereadyforss32,,1029709109,china,2025-01-18T22:37:39.498152Z,已自动领取
allthebestin2025,,1029709109,china,2025-01-18T22:38:30.407792Z,已自动领取
swxdshappy25,Mystical Scroll x3,yh.24288,china,2025-01-18T23:31:33.313257Z,手动领取过
sw2025jan6a8,Energy x1,yh.24288,china,2025-01-18T23:32:16.154602Z,手动领取过
bereadyforss32,,yh.24288,china,2025-01-18T23:34:49.611890Z,手动领取过
allthebestin2025,,yh.24288,china,2025-01-18T23:36:37.020629Z,手动领取过
swxdshappy25,Mystical Scroll x3,hedgehogss,china,2025-01-18T23:48:55.138886Z,手动领取过
sw2025jan6a8,Energy x1,hedgehogss,china,2025-01-18T23:50:05.738662Z,手动领取过
bereadyforss32,,hedgehogss,china,2025-01-18T23:52:43.814362Z,手动领取过
allthebestin2025,,hedgehogss,china,2025-01-18T23:53:41.343485Z,手动领取过
swxdshappy25,Mystical Scroll x3,si04172,china,2025-01-19T19:05:52.023005Z,手动领取过
sw2025jan6a8,Energy x1,si04172,china,2025-01-19T19:06:35.398202Z,手动领取过
bereadyforss32,,si04172,china,2025-01-19T19:08:51.971216Z,手动领取过
allthebestin2025,,si04172,china,2025-01-19T19:10:16.843744Z,手动领取过
swxdshappy25,Mystical Scroll x3,828511124,china,2025-01-20T00:09:38.249429Z,手动领取过
sw2025jan6a8,Energy x1,828511124,china,2025-01-20T00:10:10.592740Z,手动领取过
bereadyforss32,,828511124,china,2025-01-20T00:14:07.381824Z,手动领取过
allthebestin2025,,828511124,china,2025-01-20T00:15:30.303156Z,手动领取过
MINGNIANHAILAI,,samuer007,china,2025-01-25T21:44:36.237503Z,已自动领取
MINGNIANHAILAI,,safety007,china,2025-01-25T21:45:44.068223Z,已自动领取
MINGNIANHAILAI,,1940519852,china,2025-01-25T21:47:06.981691Z,手动领取过
MINGNIANHAILAI,,763066,china,2025-01-25T21:47:58.778809Z,已自动领取
MINGNIANHAILAI,,Vittical,china,2025-01-25T21:49:37.666193Z,已自动领取
MINGNIANHAILAI,,759830,china,2025-01-25T21:50:43.092438Z,已自动领取
MINGNIANHAILAI,,ZQLDHJ,china,2025-01-25T21:51:46.407816Z,已自动领取
MINGNIANHAILAI,,zhang921027,china,2025-01-25T21:53:07.542608Z,已自动领取
MINGNIANHAILAI,,hyyni1234,china,2025-01-25T21:54:14.974198Z,已自动领取
MINGNIANHAILAI,,ZXFAILXY0322,china,2025-01-25T21:55:20.328089Z,已自动领取
MINGNIANHAILAI,,linchao0510,china,2025-01-25T21:55:49.804162Z,已自动领取
MINGNIANHAILAI,,gcnu2768,china,2025-01-25T21:56:19.124486Z,手动领取过
MINGNIANHAILAI,,wwcc998,china,2025-01-25T21:57:11.029316Z,手动领取过
MINGNIANHAILAI,,78619630,china,2025-01-25T21:58:12.545497Z,手动领取过
MINGNIANHAILAI,,jk187,china,2025-01-25T22:00:08.446980Z,手动领取过
MINGNIANHAILAI,,dshujun,china,2025-01-25T22:01:14.165248Z,已自动领取
MINGNIANHAILAI,,kkws228,china,2025-01-25T22:03:10.975286Z,手动领取过
MINGNIANHAILAI,,1029709109,china,2025-01-25T22:05:20.100176Z,已自动领取
MINGNIANHAILAI,,yh.24288,china,2025-01-25T22:06:04.129882Z,手动领取过
MINGNIANHAILAI,,hedgehogss,china,2025-01-25T22:07:39.132412Z,手动领取过
MINGNIANHAILAI,,si04172,china,2025-01-25T22:08:39.760218Z,手动领取过
MINGNIANHAILAI,,828511124,china,2025-01-25T22:09:20.401941Z,手动领取过
HI2025SHANGHAI,,samuer007,china,2025-01-26T00:40:33.861453Z,已自动领取
HI2025SHANGHAI,,safety007,china,2025-01-26T00:42:09.176654Z,手动领取过
HI2025SHANGHAI,,1940519852,china,2025-01-26T00:43:13.796162Z,手动领取过
HI2025SHANGHAI,,763066,china,2025-01-26T00:44:46.954246Z,已自动领取
HI2025SHANGHAI,,Vittical,china,2025-01-26T00:45:24.473831Z,已自动领取
HI2025SHANGHAI,,759830,china,2025-01-26T00:46:20.831588Z,已自动领取
HI2025SHANGHAI,,ZQLDHJ,china,2025-01-26T00:47:56.252874Z,已自动领取
HI2025SHANGHAI,,zhang921027,china,2025-01-26T00:49:20.722533Z,已自动领取
HI2025SHANGHAI,,hyyni1234,china,2025-01-26T00:51:12.401157Z,已自动领取
HI2025SHANGHAI,,ZXFAILXY0322,china,2025-01-26T00:52:44.909629Z,已自动领取
HI2025SHANGHAI,,linchao0510,china,2025-01-26T00:54:55.197188Z,已自动领取
HI2025SHANGHAI,,gcnu2768,china,2025-01-26T00:56:42.234111Z,手动领取过
HI2025SHANGHAI,,wwcc998,china,2025-01-26T00:57:20.898450Z,手动领取过
HI2025SHANGHAI,,78619630,china,2025-01-26T00:57:44.294916Z,手动领取过
HI2025SHANGHAI,,jk187,china,2025-01-26T00:59:09.084439Z,手动领取过
HI2025SHANGHAI,,dshujun,china,2025-01-26T01:00:08.354110Z,已自动领取
HI2025SHANGHAI,,kkws228,china,2025-01-26T01:00:37.419302Z,手动领取过
HI2025SHANGHAI,,1029709109,china,2025-01-26T01:02:19.086090Z,已自动领取
HI2025SHANGHAI,,yh.24288,china,2025-01-26T01:03:43.688857Z,手动领取过
HI2025SHANGHAI,,hedgehogss,china,2025-01-26T01:04:19.101521Z,手动领取过
HI2025SHANGHAI,,828511124,china,2025-01-26T01:12:31.125842Z,手动领取过
sw2025feb3d9,"Energy x1, Mana x1, Crystal x1",samuer007,china,2025-02-01T23:20:15.561534Z,已自动领取
sw2025feb3d9,"Energy x1, Mana x1, Crystal x1",safety007,china,2025-02-01T23:20:49.981889Z,已自动领取
sw2025feb3d9,"Energy x1, Mana x1, Crystal x1",1940519852,china,2025-02-01T23:21:27.441733Z,已自动领取
sw2025feb3d9,"Energy x1, Mana x1, Crystal x1",763066,china,2025-02-01T23:23:22.055602Z,已自动领取
sw2025feb3d9,"Energy x1, Mana x1, Crystal x1",Vittical,china,2025-02-01T23:25:19.227487Z,已自动领取
sw2025feb3d9,"Energy x1, Mana x1, Crystal x1",759830,china,2025-02-01T23:27:19.132892Z,已自动领取
sw2025feb3d9,"Energy x1, Mana x1, Crystal x1",ZQLDHJ,china,2025-02-01T23:27:47.595323Z,已自动领取
sw2025feb3d9,"Energy x1, Mana x1, Crystal x1",zhang921027,china,2025-02-01T23:28:27.865302Z,已自动领取
sw2025feb3d9,"Energy x1, Mana x1, Crystal x1",hyyni1234,china,2025-02-01T23:29:43.796209Z,已自动领取
sw2025feb3d9,"Energy x1, Mana x1, Crystal x1",ZXFAILXY0322,china,2025-02-01T23:31:50.848820Z,已自动领取
sw2025feb3d9,"Energy x1, Mana x1, Crystal x1",linchao0510,china,2025-02-01T23:33:04.460904Z,已自动领取
sw2025feb3d9,"Energy x1, Mana x1, Crystal x1",gcnu2768,china,2025-02-01T23:33:37.998453Z,手动领取过
sw2025feb3d9,"Energy x1, Mana x1, Crystal x1",wwcc998,china,2025-02-01T23:34:53.600334Z,手动领取过
sw2025feb3d9,"Energy x1, Mana x1, Crystal x1",78619630,china,2025-02-01T23:35:24.798630Z,已自动领取
sw2025feb3d9,"Energy x1, Mana x1, Crystal x1",jk187,china,2025-02-01T23:36:05.819718Z,手动领取过
sw2025feb3d9,"Energy x1, Mana x1, Crystal x1",dshujun,china,2025-02-01T23:37:53.519337Z,已自动领取
sw2025feb3d9,"Energy x1, Mana x1, Crystal x1",kkws228,china,2025-02-01T23:39:45.499883Z,手动领取过
sw2025feb3d9,"Energy x1, Mana x1, Crystal x1",1029709109,china,2025-02-01T23:41:31.911476Z,已自动领取
sw2025feb3d9,"Energy x1, Mana x1, Crystal x1",yh.24288,china,2025-02-01T23:42:29.101815Z,已自动领取
sw2025feb3d9,"Energy x1, Mana x1, Crystal x1",hedgehogss,china,2025-02-01T23:44:17.783014Z,手动领取过
sw2025feb3d9,"Energy x1, Mana x1, Crystal x1",si04172,china,2025-02-01T23:45:02.963235Z,已自动领取
sw2025feb3d9,"Energy x1, Mana x1, Crystal x1",828511124,china,2025-02-01T23:46:26.886606Z,手动领取过
sankaimenojvsk,Mystical Scroll x3,samuer007,china,2025-02-10T04:54:50.844589Z,已自动领取
20jpteamhadare25,"Mana x100000, Mystical Scroll x2",samuer007,china,2025-02-10T04:55:45.399018Z,已自动领取
sankaimenojvsk,Mystical Scroll x3,safety007,china,2025-02-10T04:57:44.776778Z,已自动领取
20jpteamhadare25,"Mana x100000, Mystical Scroll x2",safety007,china,2025-02-10T04:58:22.614913Z,已自动领取
20jpteamhadare25,"Mana x100000, Mystical Scroll x2",1940519852,china,2025-02-10T04:59:43.058507Z,已自动领取
sankaimenojvsk,Mystical Scroll x3,1940519852,china,2025-02-10T04:59:44.620884Z,已自动领取
sankaimenojvsk,Mystical Scroll x3,763066,china,2025-02-10T05:01:50.145158Z,已自动领取
sankaimenojvsk,Mystical Scroll x3,Vittical,china,2025-02-10T05:07:00.671419Z,已自动领取
20jpteamhadare25,"Mana x100000, Mystical Scroll x2",Vittical,china,2025-02-10T05:26:44.015858Z,已自动领取
sankaimenojvsk,Mystical Scroll x3,759830,china,2025-02-10T05:30:13.103780Z,已自动领取
20jpteamhadare25,"Mana x100000, Mystical Scroll x2",759830,china,2025-02-10T05:31:27.283154Z,已自动领取
sankaimenojvsk,Mystical Scroll x3,ZQLDHJ,china,2025-02-10T05:33:40.845226Z,已自动领取
20jpteamhadare25,"Mana x100000, Mystical Scroll x2",ZQLDHJ,china,2025-02-10T05:35:32.401569Z,已自动领取
sankaimenojvsk,Mystical Scroll x3,zhang921027,china,2025-02-10T05:39:33.366883Z,已自动领取
20jpteamhadare25,"Mana x100000, Mystical Scroll x2",zhang921027,china,2025-02-10T05:40:56.597874Z,已自动领取
sankaimenojvsk,Mystical Scroll x3,hyyni1234,china,2025-02-10T05:45:28.459261Z,已自动领取
20jpteamhadare25,"Mana x100000, Mystical Scroll x2",hyyni1234,china,2025-02-10T05:47:26.902146Z,已自动领取
sankaimenojvsk,Mystical Scroll x3,ZXFAILXY0322,china,2025-02-10T05:52:42.839671Z,已自动领取
20jpteamhadare25,"Mana x100000, Mystical Scroll x2",ZXFAILXY0322,china,2025-02-10T05:54:29.323783Z,已自动领取
sankaimenojvsk,Mystical Scroll x3,linchao0510,china,2025-02-10T05:59:58.228604Z,已自动领取
20jpteamhadare25,"Mana x100000, Mystical Scroll x2",linchao0510,china,2025-02-10T06:01:58.723246Z,已自动领取
sankaimenojvsk,Mystical Scroll x3,gcnu2768,china,2025-02-10T06:05:27.466851Z,已自动领取
20jpteamhadare25,"Mana x100000, Mystical Scroll x2",gcnu2768,china,2025-02-10T06:07:25.301261Z,已自动领取
sankaimenojvsk,Mystical Scroll x3,wwcc998,china,2025-02-10T06:11:30.274064Z,手动领取过
20jpteamhadare25,"Mana x100000, Mystical Scroll x2",wwcc998,china,2025-02-10T06:13:27.091468Z,手动领取过
sankaimenojvsk,Mystical Scroll x3,78619630,china,2025-02-10T06:18:09.546726Z,手动领取过
20jpteamhadare25,"Mana x100000, Mystical Scroll x2",78619630,china,2025-02-10T06:19:14.443863Z,手动领取过
sankaimenojvsk,Mystical Scroll x3,jk187,china,2025-02-10T06:22:21.471481Z,手动领取过
20jpteamhadare25,"Mana x100000, Mystical Scroll x2",jk187,china,2025-02-10T06:23:43.084019Z,手动领取过
20jpteamhadare25,"Mana x100000, Mystical Scroll x2",dshujun,china,2025-02-10T06:42:43.289735Z,已自动领取
sankaimenojvsk,Mystical Scroll x3,kkws228,china,2025-02-10T06:47:34.544510Z,手动领取过
20jpteamhadare25,"Mana x100000, Mystical Scroll x2",kkws228,china,2025-02-10T06:48:55.922405Z,手动领取过
sankaimenojvsk,Mystical Scroll x3,1029709109,china,2025-02-10T06:52:41.258416Z,已自动领取
20jpteamhadare25,"Mana x100000, Mystical Scroll x2",1029709109,china,2025-02-10T06:53:05.096903Z,已自动领取
sankaimenojvsk,Mystical Scroll x3,yh.24288,china,2025-02-10T06:57:14.515131Z,已自动领取
20jpteamhadare25,"Mana x100000, Mystical Scroll x2",yh.24288,china,2025-02-10T06:59:03.536783Z,已自动领取
sankaimenojvsk,Mystical Scroll x3,hedgehogss,china,2025-02-10T07:02:25.668800Z,手动领取过
20jpteamhadare25,"Mana x100000, Mystical Scroll x2",hedgehogss,china,2025-02-10T07:04:26.178747Z,手动领取过
sankaimenojvsk,Mystical Scroll x3,si04172,china,2025-02-10T07:07:48.804612Z,已自动领取
20jpteamhadare25,"Mana x100000, Mystical Scroll x2",si04172,china,2025-02-10T07:08:32.772399Z,已自动领取
sankaimenojvsk,Mystical Scroll x3,828511124,china,2025-02-10T07:11:09.881757Z,手动领取过
20jpteamhadare25,"Mana x100000, Mystical Scroll x2",828511124,china,2025-02-10T07:11:59.437692Z,手动领取过
sw2025feb3d9,"Energy x1, Mana x1, Crystal x1",1711365230,china,2025-02-11T15:43:15.016446Z,手动领取过
swxdshappy25,Mystical Scroll x3,1711365230,china,2025-02-11T15:51:21.578018Z,已自动领取
2025GHLSKAISHI,,samuer007,china,2025-02-15T18:50:09.696270Z,已自动领取
2025GHLSKAISHI,,safety007,china,2025-02-15T18:51:18.287942Z,已自动领取
2025GHLSKAISHI,,1940519852,china,2025-02-15T18:52:54.889954Z,已自动领取
2025GHLSKAISHI,,763066,china,2025-02-15T18:54:52.276758Z,已自动领取
2025GHLSKAISHI,,Vittical,china,2025-02-15T18:56:14.409528Z,已自动领取
2025GHLSKAISHI,,759830,china,2025-02-15T18:56:40.538783Z,已自动领取
2025GHLSKAISHI,,ZQLDHJ,china,2025-02-15T18:57:12.508519Z,已自动领取
2025GHLSKAISHI,,zhang921027,china,2025-02-15T18:57:56.448163Z,已自动领取
2025GHLSKAISHI,,hyyni1234,china,2025-02-15T18:58:33.203853Z,已自动领取
2025GHLSKAISHI,,ZXFAILXY0322,china,2025-02-15T18:59:14.897665Z,已自动领取
2025GHLSKAISHI,,linchao0510,china,2025-02-15T18:59:51.515758Z,已自动领取
2025GHLSKAISHI,,gcnu2768,china,2025-02-15T19:00:25.332047Z,已自动领取
2025GHLSKAISHI,,wwcc998,china,2025-02-15T19:01:01.448735Z,手动领取过
2025GHLSKAISHI,,78619630,china,2025-02-15T19:02:03.782450Z,手动领取过
2025GHLSKAISHI,,jk187,china,2025-02-15T19:03:59.760408Z,手动领取过
2025GHLSKAISHI,,dshujun,china,2025-02-15T19:04:55.333220Z,手动领取过
2025GHLSKAISHI,,kkws228,china,2025-02-15T19:05:24.991105Z,手动领取过
2025GHLSKAISHI,,1029709109,china,2025-02-15T19:05:58.753285Z,已自动领取
2025GHLSKAISHI,,yh.24288,china,2025-02-15T19:07:49.633860Z,手动领取过
2025GHLSKAISHI,,hedgehogss,china,2025-02-15T19:09:33.991511Z,已自动领取
2025GHLSKAISHI,,si04172,china,2025-02-15T19:10:52.266480Z,已自动领取
2025GHLSKAISHI,,828511124,china,2025-02-15T19:11:16.036414Z,已自动领取
2025GHLSKAISHI,,1711365230,china,2025-02-15T19:12:00.288974Z,已自动领取
swelday1,"Mana x100000, Mystical Scroll x2",samuer007,china,2025-02-20T17:30:42.472760Z,已自动领取
swelday1,"Mana x100000, Mystical Scroll x2",safety007,china,2025-02-20T17:31:56.105163Z,已自动领取
swelday1,"Mana x100000, Mystical Scroll x2",1940519852,china,2025-02-20T17:34:17.382811Z,已自动领取
swelday1,"Mana x100000, Mystical Scroll x2",763066,china,2025-02-20T17:36:03.085844Z,已自动领取
swelday1,"Mana x100000, Mystical Scroll x2",Vittical,china,2025-02-20T17:39:27.060853Z,已自动领取
swelday1,"Mana x100000, Mystical Scroll x2",759830,china,2025-02-20T17:42:43.589046Z,已自动领取
swelday1,"Mana x100000, Mystical Scroll x2",ZQLDHJ,china,2025-02-20T17:45:29.314514Z,已自动领取
swelday1,"Mana x100000, Mystical Scroll x2",zhang921027,china,2025-02-20T17:46:56.826809Z,已自动领取
swelday1,"Mana x100000, Mystical Scroll x2",hyyni1234,china,2025-02-20T17:50:02.745439Z,已自动领取
swelday1,"Mana x100000, Mystical Scroll x2",ZXFAILXY0322,china,2025-02-20T17:53:29.117767Z,已自动领取
swelday1,"Mana x100000, Mystical Scroll x2",linchao0510,china,2025-02-20T17:55:56.984582Z,已自动领取
swelday1,"Mana x100000, Mystical Scroll x2",gcnu2768,china,2025-02-20T17:58:39.887959Z,已自动领取
swelday1,"Mana x100000, Mystical Scroll x2",wwcc998,china,2025-02-20T18:02:19.355890Z,手动领取过
swelishere,"Energy x100, Mystical Scroll x1",wwcc998,china,2025-02-20T18:03:18.227990Z,手动领取过
swelday1,"Mana x100000, Mystical Scroll x2",78619630,china,2025-02-20T18:03:55.520457Z,手动领取过
swelishere,"Energy x100, Mystical Scroll x1",78619630,china,2025-02-20T18:04:38.798059Z,手动领取过
swelday1,"Mana x100000, Mystical Scroll x2",jk187,china,2025-02-20T18:05:56.160614Z,手动领取过
swelishere,"Energy x100, Mystical Scroll x1",jk187,china,2025-02-20T18:07:02.257062Z,手动领取过
swelday1,"Mana x100000, Mystical Scroll x2",dshujun,china,2025-02-20T18:08:20.493043Z,手动领取过
swelishere,"Energy x100, Mystical Scroll x1",dshujun,china,2025-02-20T18:08:55.475581Z,手动领取过
swelday1,"Mana x100000, Mystical Scroll x2",kkws228,china,2025-02-20T18:09:30.492937Z,手动领取过
swelishere,"Energy x100, Mystical Scroll x1",kkws228,china,2025-02-20T18:10:25.947832Z,手动领取过
swelday1,"Mana x100000, Mystical Scroll x2",yh.24288,china,2025-02-20T18:14:20.514090Z,手动领取过
swelishere,"Energy x100, Mystical Scroll x1",yh.24288,china,2025-02-20T18:15:16.256335Z,手动领取过
swelday1,"Mana x100000, Mystical Scroll x2",hedgehogss,china,2025-02-20T18:16:52.164883Z,手动领取过
THX4ENJDSCOLLAB,,samuer007,china,2025-03-01T11:49:35.585303Z,已自动领取
THX4ENJDSCOLLAB,,safety007,china,2025-03-01T11:52:22.018488Z,已自动领取
THX4ENJDSCOLLAB,,1940519852,china,2025-03-01T11:54:13.829835Z,已自动领取
THX4ENJDSCOLLAB,,763066,china,2025-03-01T11:56:00.977793Z,已自动领取
THX4ENJDSCOLLAB,,Vittical,china,2025-03-01T11:57:48.068645Z,已自动领取
THX4ENJDSCOLLAB,,759830,china,2025-03-01T11:59:58.572328Z,已自动领取
THX4ENJDSCOLLAB,,ZQLDHJ,china,2025-03-01T12:01:08.733593Z,已自动领取
THX4ENJDSCOLLAB,,zhang921027,china,2025-03-01T12:03:27.992091Z,已自动领取
THX4ENJDSCOLLAB,,hyyni1234,china,2025-03-01T12:06:08.348230Z,已自动领取
THX4ENJDSCOLLAB,,ZXFAILXY0322,china,2025-03-01T12:07:50.226694Z,已自动领取
sw2025mar1n3,,samuer007,china,2025-03-01T12:26:04.535169Z,已自动领取
sw2025mar1n3,,safety007,china,2025-03-01T12:29:43.775343Z,已自动领取
sw2025mar1n3,,1940519852,china,2025-03-01T12:33:22.276691Z,已自动领取
sw2025mar1n3,,763066,china,2025-03-01T12:36:46.952283Z,已自动领取
sw2025mar1n3,,Vittical,china,2025-03-01T12:38:46.465686Z,已自动领取
sw2025mar1n3,,759830,china,2025-03-01T12:43:26.779563Z,已自动领取
sw2025mar1n3,,ZQLDHJ,china,2025-03-01T12:46:28.984863Z,已自动领取
sw2025mar1n3,,zhang921027,china,2025-03-01T12:49:34.744692Z,已自动领取
sw2025mar1n3,,hyyni1234,china,2025-03-01T12:53:24.957275Z,已自动领取
sw2025mar1n3,,ZXFAILXY0322,china,2025-03-01T12:56:38.745013Z,已自动领取
THX4ENJDSCOLLAB,,linchao0510,china,2025-03-01T13:02:22.558667Z,已自动领取
sw2025mar1n3,,linchao0510,china,2025-03-01T13:03:32.975800Z,已自动领取
THX4ENJDSCOLLAB,,gcnu2768,china,2025-03-01T13:10:07.401538Z,已自动领取
sw2025mar1n3,,gcnu2768,china,2025-03-01T13:12:07.094056Z,已自动领取
THX4ENJDSCOLLAB,,wwcc998,china,2025-03-01T13:16:18.583916Z,手动领取过
sw2025mar1n3,,wwcc998,china,2025-03-01T13:16:49.321909Z,手动领取过
THX4ENJDSCOLLAB,,78619630,china,2025-03-01T13:22:47.589456Z,手动领取过
sw2025mar1n3,,78619630,china,2025-03-01T13:23:54.547788Z,手动领取过
THX4ENJDSCOLLAB,,jk187,china,2025-03-01T13:29:34.710459Z,手动领取过
sw2025mar1n3,,jk187,china,2025-03-01T13:31:29.605719Z,手动领取过
321cnqrrnxt12,,jk187,china,2025-03-01T13:33:40.059216Z,手动领取过
THX4ENJDSCOLLAB,,dshujun,china,2025-03-01T13:36:02.016495Z,手动领取过
sw2025mar1n3,,dshujun,china,2025-03-01T13:36:45.351939Z,手动领取过
321cnqrrnxt12,,dshujun,china,2025-03-01T13:39:19.386579Z,手动领取过
THX4ENJDSCOLLAB,,kkws228,china,2025-03-01T13:43:03.946310Z,手动领取过
sw2025mar1n3,,kkws228,china,2025-03-01T13:43:44.102330Z,手动领取过
THX4ENJDSCOLLAB,,1029709109,china,2025-03-01T13:50:02.524155Z,已自动领取
sw2025mar1n3,,1029709109,china,2025-03-01T13:50:52.604813Z,已自动领取
THX4ENJDSCOLLAB,,yh.24288,china,2025-03-01T13:56:32.931341Z,手动领取过
sw2025mar1n3,,yh.24288,china,2025-03-01T13:57:09.924555Z,已自动领取
THX4ENJDSCOLLAB,,hedgehogss,china,2025-03-01T14:02:17.906865Z,手动领取过
sw2025mar1n3,,hedgehogss,china,2025-03-01T14:03:28.540245Z,已自动领取
THX4ENJDSCOLLAB,,si04172,china,2025-03-01T14:08:46.632365Z,已自动领取
sw2025mar1n3,,si04172,china,2025-03-01T14:10:08.063714Z,手动领取过
THX4ENJDSCOLLAB,,828511124,china,2025-03-01T14:16:14.179745Z,手动领取过
sw2025mar1n3,,828511124,china,2025-03-01T14:17:55.131043Z,手动领取过
THX4ENJDSCOLLAB,,1711365230,china,2025-03-01T14:22:07.016115Z,已自动领取
sw2025mar1n3,,1711365230,china,2025-03-01T14:23:24.868785Z,已自动领取
thx4enjdscollab,,samuer007,china,2025-03-03T18:16:01.942987Z,手动领取过
thx4enjdscollab,,safety007,china,2025-03-03T18:17:34.890893Z,手动领取过
thx4enjdscollab,,1940519852,china,2025-03-03T18:18:34.544417Z,手动领取过
thx4enjdscollab,,763066,china,2025-03-03T18:19:01.381042Z,手动领取过
thx4enjdscollab,,Vittical,china,2025-03-03T18:19:42.486989Z,手动领取过
thx4enjdscollab,,759830,china,2025-03-03T18:21:02.625717Z,手动领取过
thx4enjdscollab,,ZQLDHJ,china,2025-03-03T18:22:59.139586Z,手动领取过
thx4enjdscollab,,zhang921027,china,2025-03-03T18:24:04.385438Z,手动领取过
thx4enjdscollab,,hyyni1234,china,2025-03-03T18:26:05.209935Z,手动领取过
thx4enjdscollab,,ZXFAILXY0322,china,2025-03-03T18:26:42.140730Z,手动领取过
thx4enjdscollab,,linchao0510,china,2025-03-03T18:27:37.247839Z,手动领取过
thx4enjdscollab,,gcnu2768,china,2025-03-03T18:29:29.017102Z,手动领取过
thx4enjdscollab,,wwcc998,china,2025-03-03T18:30:35.435713Z,手动领取过
thx4enjdscollab,,78619630,china,2025-03-03T18:31:30.144306Z,手动领取过
thx4enjdscollab,,jk187,china,2025-03-03T18:32:53.744248Z,手动领取过
thx4enjdscollab,,dshujun,china,2025-03-03T18:33:22.580105Z,手动领取过
thx4enjdscollab,,kkws228,china,2025-03-03T18:35:29.832373Z,手动领取过
thx4enjdscollab,,1029709109,china,2025-03-03T18:37:32.097842Z,手动领取过
thx4enjdscollab,,yh.24288,china,2025-03-03T18:37:57.774054Z,手动领取过
thx4enjdscollab,,hedgehogss,china,2025-03-03T18:40:02.762595Z,手动领取过
thx4enjdscollab,,si04172,china,2025-03-03T18:40:32.439568Z,手动领取过
thx4enjdscollab,,828511124,china,2025-03-03T18:41:18.068956Z,手动领取过
thx4enjdscollab,,1711365230,china,2025-03-03T18:42:41.880317Z,手动领取过
SWELFORU,,samuer007,china,2025-03-06T12:20:57.277038Z,已自动领取
EULEAGUEGO,,samuer007,china,2025-03-06T12:22:58.608784Z,已自动领取
SWELFORU,,safety007,china,2025-03-06T12:24:03.941293Z,已自动领取
EULEAGUEGO,,safety007,china,2025-03-06T12:25:22.159050Z,已自动领取
SWELFORU,,1940519852,china,2025-03-06T12:25:47.024710Z,已自动领取
EULEAGUEGO,,1940519852,china,2025-03-06T12:26:17.788713Z,已自动领取
SWELFORU,,763066,china,2025-03-06T12:28:14.721338Z,手动领取过
EULEAGUEGO,,763066,china,2025-03-06T12:29:43.178808Z,手动领取过
SWELFORU,,Vittical,china,2025-03-06T12:30:55.868356Z,已自动领取
EULEAGUEGO,,Vittical,china,2025-03-06T12:32:28.698338Z,已自动领取
SWELFORU,,759830,china,2025-03-06T12:33:06.813758Z,已自动领取
EULEAGUEGO,,759830,china,2025-03-06T12:34:48.978270Z,已自动领取
SWELFORU,,ZQLDHJ,china,2025-03-06T12:35:30.014836Z,已自动领取
EULEAGUEGO,,ZQLDHJ,china,2025-03-06T12:37:18.208309Z,已自动领取
SWELFORU,,zhang921027,china,2025-03-06T12:38:14.309377Z,已自动领取
EULEAGUEGO,,zhang921027,china,2025-03-06T12:39:40.181248Z,已自动领取
EULEAGUEGO,,hyyni1234,china,2025-03-06T12:58:58.757740Z,已自动领取
SWELFORU,,ZXFAILXY0322,china,2025-03-06T13:00:54.158135Z,已自动领取
EULEAGUEGO,,ZXFAILXY0322,china,2025-03-06T13:01:54.281333Z,已自动领取
SWELFORU,,linchao0510,china,2025-03-06T13:03:13.228530Z,已自动领取
EULEAGUEGO,,linchao0510,china,2025-03-06T13:04:37.758531Z,已自动领取
SWELFORU,,gcnu2768,china,2025-03-06T13:05:14.545228Z,已自动领取
EULEAGUEGO,,gcnu2768,china,2025-03-06T13:05:46.247736Z,已自动领取
SWELFORU,,wwcc998,china,2025-03-06T13:06:30.263339Z,已自动领取
EULEAGUEGO,,wwcc998,china,2025-03-06T13:08:00.728241Z,已自动领取
SWELFORU,,78619630,china,2025-03-06T13:09:59.810372Z,已自动领取
EULEAGUEGO,,78619630,china,2025-03-06T13:11:01.513094Z,已自动领取
SWELFORU,,jk187,china,2025-03-06T13:11:35.346905Z,手动领取过
EULEAGUEGO,,jk187,china,2025-03-06T13:12:02.371176Z,手动领取过
SWELFORU,,dshujun,china,2025-03-06T13:12:33.554517Z,手动领取过
EULEAGUEGO,,dshujun,china,2025-03-06T13:14:29.574736Z,手动领取过
SWELFORU,,kkws228,china,2025-03-06T13:15:07.782313Z,已自动领取
EULEAGUEGO,,kkws228,china,2025-03-06T13:16:11.148942Z,已自动领取
SWELFORU,,1029709109,china,2025-03-06T13:17:07.749661Z,已自动领取
EULEAGUEGO,,1029709109,china,2025-03-06T13:18:27.126408Z,已自动领取
SWELFORU,,yh.24288,china,2025-03-06T13:19:33.552729Z,手动领取过
EULEAGUEGO,,yh.24288,china,2025-03-06T13:20:04.116498Z,手动领取过
SWELFORU,,hedgehogss,china,2025-03-06T13:20:43.742585Z,已自动领取
EULEAGUEGO,,hedgehogss,china,2025-03-06T13:21:18.494844Z,手动领取过
SWELFORU,,si04172,china,2025-03-06T13:21:55.214124Z,手动领取过
EULEAGUEGO,,si04172,china,2025-03-06T13:22:32.057732Z,手动领取过
SWELFORU,,828511124,china,2025-03-06T13:24:07.242887Z,手动领取过
EULEAGUEGO,,828511124,china,2025-03-06T13:25:47.703084Z,手动领取过
SWELFORU,,1711365230,china,2025-03-06T13:26:34.800007Z,已自动领取
EULEAGUEGO,,1711365230,china,2025-03-06T13:28:03.412150Z,已自动领取
G3TSWMYTG1FT,,samuer007,china,2025-03-07T15:46:48.830964Z,已自动领取
G3TSWMYTG1FT,,safety007,china,2025-03-07T15:48:20.491917Z,已自动领取
G3TSWMYTG1FT,,1940519852,china,2025-03-07T15:49:07.001477Z,已自动领取
G3TSWMYTG1FT,,763066,china,2025-03-07T15:49:52.555358Z,手动领取过
G3TSWMYTG1FT,,Vittical,china,2025-03-07T15:50:29.549952Z,已自动领取
G3TSWMYTG1FT,,759830,china,2025-03-07T15:52:21.475117Z,已自动领取
G3TSWMYTG1FT,,ZQLDHJ,china,2025-03-07T15:53:22.766793Z,已自动领取
G3TSWMYTG1FT,,zhang921027,china,2025-03-07T15:55:23.947003Z,已自动领取
G3TSWMYTG1FT,,hyyni1234,china,2025-03-07T15:55:52.992956Z,已自动领取
G3TSWMYTG1FT,,ZXFAILXY0322,china,2025-03-07T15:56:52.824402Z,已自动领取
G3TSWMYTG1FT,,linchao0510,china,2025-03-07T15:58:02.163664Z,已自动领取
G3TSWMYTG1FT,,gcnu2768,china,2025-03-07T16:00:00.159087Z,已自动领取
G3TSWMYTG1FT,,wwcc998,china,2025-03-07T16:01:45.868608Z,已自动领取
G3TSWMYTG1FT,,78619630,china,2025-03-07T16:02:44.910804Z,手动领取过
G3TSWMYTG1FT,,jk187,china,2025-03-07T16:04:03.057845Z,手动领取过
G3TSWMYTG1FT,,dshujun,china,2025-03-07T16:06:00.641024Z,手动领取过
G3TSWMYTG1FT,,kkws228,china,2025-03-07T16:07:11.867429Z,手动领取过
G3TSWMYTG1FT,,1029709109,china,2025-03-07T16:08:41.281885Z,已自动领取
G3TSWMYTG1FT,,yh.24288,china,2025-03-07T16:09:09.379308Z,手动领取过
G3TSWMYTG1FT,,hedgehogss,china,2025-03-07T16:10:07.569758Z,已自动领取
G3TSWMYTG1FT,,si04172,china,2025-03-07T16:11:02.579737Z,已自动领取
G3TSWMYTG1FT,,828511124,china,2025-03-07T16:13:04.453632Z,手动领取过
G3TSWMYTG1FT,,1711365230,china,2025-03-07T16:13:39.767738Z,已自动领取
g3tswmytg1ft,Fire Scroll x1,samuer007,china,2025-03-07T16:24:52.288427Z,手动领取过
g3tswmytg1ft,Fire Scroll x1,safety007,china,2025-03-07T16:25:38.068771Z,手动领取过
g3tswmytg1ft,Fire Scroll x1,1940519852,china,2025-03-07T16:26:57.494807Z,手动领取过
g3tswmytg1ft,Fire Scroll x1,763066,china,2025-03-07T16:28:21.764421Z,手动领取过
g3tswmytg1ft,Fire Scroll x1,Vittical,china,2025-03-07T16:30:00.668981Z,手动领取过
g3tswmytg1ft,Fire Scroll x1,759830,china,2025-03-07T16:30:52.779012Z,手动领取过
g3tswmytg1ft,Fire Scroll x1,ZQLDHJ,china,2025-03-07T16:32:53.066613Z,手动领取过
g3tswmytg1ft,Fire Scroll x1,zhang921027,china,2025-03-07T16:34:16.666671Z,手动领取过
g3tswmytg1ft,Fire Scroll x1,hyyni1234,china,2025-03-07T16:36:01.107996Z,手动领取过
g3tswmytg1ft,Fire Scroll x1,ZXFAILXY0322,china,2025-03-07T16:36:55.471343Z,手动领取过
g3tswmytg1ft,Fire Scroll x1,linchao0510,china,2025-03-07T16:37:41.143348Z,手动领取过
g3tswmytg1ft,Fire Scroll x1,gcnu2768,china,2025-03-07T16:39:44.776650Z,手动领取过
g3tswmytg1ft,Fire Scroll x1,wwcc998,china,2025-03-07T16:40:19.687033Z,手动领取过
g3tswmytg1ft,Fire Scroll x1,78619630,china,2025-03-07T16:42:13.626078Z,手动领取过
g3tswmytg1ft,Fire Scroll x1,jk187,china,2025-03-07T16:43:41.534181Z,手动领取过
g3tswmytg1ft,Fire Scroll x1,dshujun,china,2025-03-07T16:45:25.657917Z,手动领取过
g3tswmytg1ft,Fire Scroll x1,kkws228,china,2025-03-07T16:47:20.325069Z,手动领取过
g3tswmytg1ft,Fire Scroll x1,yh.24288,china,2025-03-07T17:07:00.060713Z,手动领取过
g3tswmytg1ft,Fire Scroll x1,hedgehogss,china,2025-03-07T17:08:54.305280Z,手动领取过
g3tswmytg1ft,Fire Scroll x1,si04172,china,2025-03-07T17:09:20.010703Z,手动领取过
g3tswmytg1ft,Fire Scroll x1,828511124,china,2025-03-07T17:10:18.713326Z,手动领取过
g3tswmytg1ft,Fire Scroll x1,1711365230,china,2025-03-07T17:11:53.527371Z,手动领取过
seeu1n26aga1n,,samuer007,china,2025-03-08T16:51:56.236846Z,已自动领取
krnakay0sh1jp,,samuer007,china,2025-03-08T16:52:32.860956Z,已自动领取
y0uk0s0sm25,,samuer007,china,2025-03-08T16:53:54.626091Z,已自动领取
seeu1n26aga1n,,safety007,china,2025-03-08T16:55:17.816575Z,已自动领取
krnakay0sh1jp,,safety007,china,2025-03-08T16:55:41.873788Z,已自动领取
y0uk0s0sm25,,safety007,china,2025-03-08T16:57:05.268836Z,已自动领取
seeu1n26aga1n,,1940519852,china,2025-03-08T16:57:42.496244Z,已自动领取
krnakay0sh1jp,,1940519852,china,2025-03-08T16:59:24.210954Z,已自动领取
y0uk0s0sm25,,1940519852,china,2025-03-08T17:00:28.406189Z,已自动领取
seeu1n26aga1n,,763066,china,2025-03-08T17:02:29.351414Z,手动领取过
krnakay0sh1jp,,763066,china,2025-03-08T17:04:25.618453Z,已自动领取
y0uk0s0sm25,,763066,china,2025-03-08T17:06:15.882428Z,已自动领取
seeu1n26aga1n,,Vittical,china,2025-03-08T17:07:53.293573Z,已自动领取
krnakay0sh1jp,,Vittical,china,2025-03-08T17:08:54.501172Z,已自动领取
y0uk0s0sm25,,Vittical,china,2025-03-08T17:10:23.755614Z,已自动领取
seeu1n26aga1n,,759830,china,2025-03-08T17:11:29.118395Z,已自动领取
krnakay0sh1jp,,759830,china,2025-03-08T17:13:21.883289Z,已自动领取
y0uk0s0sm25,,759830,china,2025-03-08T17:14:47.600284Z,已自动领取
seeu1n26aga1n,,ZQLDHJ,china,2025-03-08T17:15:31.032517Z,已自动领取
krnakay0sh1jp,,ZQLDHJ,china,2025-03-08T17:16:25.360228Z,已自动领取
y0uk0s0sm25,,ZQLDHJ,china,2025-03-08T17:16:59.850372Z,已自动领取
seeu1n26aga1n,,zhang921027,china,2025-03-08T17:18:14.071393Z,已自动领取
krnakay0sh1jp,,zhang921027,china,2025-03-08T17:19:02.639609Z,已自动领取
y0uk0s0sm25,,zhang921027,china,2025-03-08T17:19:34.213907Z,已自动领取
seeu1n26aga1n,,hyyni1234,china,2025-03-08T17:20:04.492494Z,已自动领取
krnakay0sh1jp,,hyyni1234,china,2025-03-08T17:21:13.001149Z,已自动领取
y0uk0s0sm25,,hyyni1234,china,2025-03-08T17:22:52.937996Z,已自动领取
seeu1n26aga1n,,ZXFAILXY0322,china,2025-03-08T17:24:08.816664Z,已自动领取
krnakay0sh1jp,,ZXFAILXY0322,china,2025-03-08T17:25:27.017938Z,已自动领取
y0uk0s0sm25,,ZXFAILXY0322,china,2025-03-08T17:25:55.674148Z,已自动领取
seeu1n26aga1n,,linchao0510,china,2025-03-08T17:27:28.508080Z,已自动领取
krnakay0sh1jp,,linchao0510,china,2025-03-08T17:28:03.196389Z,已自动领取
y0uk0s0sm25,,linchao0510,china,2025-03-08T17:28:41.382419Z,已自动领取
seeu1n26aga1n,,gcnu2768,china,2025-03-08T17:29:54.002862Z,已自动领取
krnakay0sh1jp,,gcnu2768,china,2025-03-08T17:30:53.110900Z,已自动领取
y0uk0s0sm25,,gcnu2768,china,2025-03-08T17:31:59.628605Z,已自动领取
seeu1n26aga1n,,wwcc998,china,2025-03-08T17:32:44.583046Z,已自动领取
krnakay0sh1jp,,wwcc998,china,2025-03-08T17:34:03.779671Z,已自动领取
y0uk0s0sm25,,wwcc998,china,2025-03-08T17:35:08.543515Z,已自动领取
seeu1n26aga1n,,78619630,china,2025-03-08T17:36:05.923074Z,已自动领取
krnakay0sh1jp,,78619630,china,2025-03-08T17:37:19.172901Z,已自动领取
y0uk0s0sm25,,78619630,china,2025-03-08T17:38:39.239831Z,已自动领取
seeu1n26aga1n,,jk187,china,2025-03-08T17:39:53.600356Z,手动领取过
krnakay0sh1jp,,jk187,china,2025-03-08T17:41:42.065408Z,手动领取过
y0uk0s0sm25,,jk187,china,2025-03-08T17:43:40.950136Z,手动领取过
seeu1n26aga1n,,dshujun,china,2025-03-08T17:44:57.412327Z,手动领取过
krnakay0sh1jp,,dshujun,china,2025-03-08T17:46:58.149523Z,手动领取过
y0uk0s0sm25,,dshujun,china,2025-03-08T17:48:24.610041Z,手动领取过
seeu1n26aga1n,,kkws228,china,2025-03-08T17:49:37.240465Z,手动领取过
krnakay0sh1jp,,kkws228,china,2025-03-08T17:50:54.251048Z,手动领取过
y0uk0s0sm25,,kkws228,china,2025-03-08T17:52:33.664808Z,手动领取过
seeu1n26aga1n,,1029709109,china,2025-03-08T17:53:26.896202Z,已自动领取
krnakay0sh1jp,,1029709109,china,2025-03-08T17:54:54.677095Z,已自动领取
y0uk0s0sm25,,1029709109,china,2025-03-08T17:56:39.851136Z,已自动领取
seeu1n26aga1n,,yh.24288,china,2025-03-08T17:58:23.421482Z,手动领取过
krnakay0sh1jp,,yh.24288,china,2025-03-08T17:58:47.269824Z,手动领取过
y0uk0s0sm25,,yh.24288,china,2025-03-08T18:00:47.848797Z,手动领取过
seeu1n26aga1n,,hedgehogss,china,2025-03-08T18:01:47.433575Z,已自动领取
krnakay0sh1jp,,hedgehogss,china,2025-03-08T18:03:02.657524Z,已自动领取
y0uk0s0sm25,,hedgehogss,china,2025-03-08T18:03:43.689184Z,已自动领取
seeu1n26aga1n,,si04172,china,2025-03-08T18:04:26.355329Z,手动领取过
krnakay0sh1jp,,si04172,china,2025-03-08T18:05:56.422304Z,手动领取过
y0uk0s0sm25,,si04172,china,2025-03-08T18:06:42.135949Z,手动领取过
seeu1n26aga1n,,828511124,china,2025-03-08T18:08:10.975804Z,手动领取过
krnakay0sh1jp,,828511124,china,2025-03-08T18:09:03.963987Z,手动领取过
y0uk0s0sm25,,828511124,china,2025-03-08T18:09:52.980467Z,手动领取过
seeu1n26aga1n,,1711365230,china,2025-03-08T18:10:51.264391Z,手动领取过
krnakay0sh1jp,,1711365230,china,2025-03-08T18:11:41.344508Z,手动领取过
y0uk0s0sm25,,1711365230,china,2025-03-08T18:12:18.085430Z,手动领取过
sweltotop,,samuer007,china,2025-03-13T15:45:29.381299Z,已自动领取
sweltotop,,safety007,china,2025-03-13T15:46:31.677954Z,已自动领取
sweltotop,,1940519852,china,2025-03-13T15:47:48.729980Z,已自动领取
sweltotop,,763066,china,2025-03-13T15:48:56.321361Z,已自动领取
sweltotop,,Vittical,china,2025-03-13T15:50:15.560868Z,已自动领取
sweltotop,,759830,china,2025-03-13T15:50:42.023900Z,已自动领取
sweltotop,,ZQLDHJ,china,2025-03-13T15:52:35.471826Z,已自动领取
sweltotop,,zhang921027,china,2025-03-13T15:54:06.412249Z,已自动领取
sweltotop,,hyyni1234,china,2025-03-13T15:55:21.253622Z,已自动领取
sweltotop,,ZXFAILXY0322,china,2025-03-13T15:57:18.652782Z,已自动领取
sweltotop,,linchao0510,china,2025-03-13T15:59:18.901987Z,已自动领取
sweltotop,,gcnu2768,china,2025-03-13T16:00:19.829680Z,已自动领取
sweltotop,,wwcc998,china,2025-03-13T16:01:49.701751Z,已自动领取
sweltotop,,78619630,china,2025-03-13T16:03:34.696219Z,已自动领取
sweltotop,,jk187,china,2025-03-13T16:04:04.153599Z,已自动领取
sweltotop,,dshujun,china,2025-03-13T16:04:45.373913Z,已自动领取
sweltotop,,kkws228,china,2025-03-13T16:05:23.835560Z,已自动领取
sweltotop,,1029709109,china,2025-03-13T16:07:13.293418Z,已自动领取
sweltotop,,yh.24288,china,2025-03-13T16:08:16.785999Z,已自动领取
sweltotop,,hedgehogss,china,2025-03-13T16:09:04.747045Z,已自动领取
sweltotop,,si04172,china,2025-03-13T16:10:18.791746Z,手动领取过
sweltotop,,828511124,china,2025-03-13T16:11:41.607651Z,已自动领取
sweltotop,,1711365230,china,2025-03-13T16:12:07.557034Z,已自动领取
sw2025mar1n3,,ycshangtian,china,2025-03-13T18:55:29.533520Z,手动领取过
sw2025mar1n3,,lz0319,china,2025-03-16T10:34:32.409899Z,已自动领取
STARROUND10316,,samuer007,china,2025-03-16T22:55:32.621019Z,已自动领取
starround10316,Mystical Scroll x1,samuer007,china,2025-03-16T22:56:14.102910Z,手动领取过
STARROUND10316,,ycshangtian,china,2025-03-17T01:13:10.740387Z,手动领取过
starround10316,Mystical Scroll x1,ycshangtian,china,2025-03-17T01:13:37.208881Z,手动领取过
sweltowin,,samuer007,china,2025-03-20T15:38:25.518383Z,已自动领取
euleague5,,samuer007,china,2025-03-20T15:40:31.070701Z,已自动领取
sweltowin,,safety007,china,2025-03-20T15:42:12.246732Z,已自动领取
euleague5,,safety007,china,2025-03-20T15:43:44.821062Z,已自动领取
sweltowin,,1940519852,china,2025-03-20T15:44:14.983814Z,手动领取过
euleague5,,1940519852,china,2025-03-20T15:44:46.349316Z,手动领取过
sweltowin,,763066,china,2025-03-20T15:45:18.089186Z,手动领取过
euleague5,,763066,china,2025-03-20T15:46:09.181948Z,已自动领取
sweltowin,,Vittical,china,2025-03-20T15:47:55.963999Z,已自动领取
euleague5,,Vittical,china,2025-03-20T15:48:46.493483Z,已自动领取
euleague5,,759830,china,2025-03-20T15:50:54.282127Z,已自动领取
euleague5,,ZQLDHJ,china,2025-03-20T15:52:57.328824Z,已自动领取
euleague5,,zhang921027,china,2025-03-20T15:55:24.992410Z,已自动领取
euleague5,,hyyni1234,china,2025-03-20T15:58:09.463164Z,已自动领取
euleague5,,ZXFAILXY0322,china,2025-03-20T16:00:09.144740Z,已自动领取
euleague5,,linchao0510,china,2025-03-20T16:02:03.662102Z,已自动领取
euleague5,,gcnu2768,china,2025-03-20T16:05:47.658234Z,已自动领取
euleague5,,jk187,china,2025-03-20T16:12:36.016935Z,手动领取过
sweltowin,,yh.24288,china,2025-03-20T16:22:06.797204Z,手动领取过
euleague5,,yh.24288,china,2025-03-20T16:23:00.684256Z,手动领取过
euleague5,,si04172,china,2025-03-20T16:35:25.385119Z,手动领取过
sweltowin,,828511124,china,2025-03-20T16:37:03.615575Z,手动领取过
euleague5,,828511124,china,2025-03-20T16:37:33.887625Z,手动领取过
sweltowin,,ycshangtian,china,2025-03-20T16:40:37.892276Z,手动领取过
euleague5,,ycshangtian,china,2025-03-20T16:41:41.872101Z,手动领取过
2025SWLAIZHANGSHA,,samuer007,china,2025-03-22T16:35:58.284820Z,已自动领取
XIANGCAIZHENHAOCHI,,samuer007,china,2025-03-22T16:36:36.264458Z,已自动领取
2025SWLAIZHANGSHA,,safety007,china,2025-03-22T16:38:35.946508Z,已自动领取
XIANGCAIZHENHAOCHI,,safety007,china,2025-03-22T16:40:38.477766Z,已自动领取
2025SWLAIZHANGSHA,,1940519852,china,2025-03-22T16:40:58.276153Z,已自动领取
XIANGCAIZHENHAOCHI,,1940519852,china,2025-03-22T16:42:02.795484Z,已自动领取
2025SWLAIZHANGSHA,,763066,china,2025-03-22T16:43:50.177217Z,已自动领取
XIANGCAIZHENHAOCHI,,763066,china,2025-03-22T16:44:43.318215Z,已自动领取
2025SWLAIZHANGSHA,,Vittical,china,2025-03-22T16:46:30.797598Z,已自动领取
XIANGCAIZHENHAOCHI,,Vittical,china,2025-03-22T16:48:10.553745Z,已自动领取
2025SWLAIZHANGSHA,,759830,china,2025-03-22T16:48:48.294986Z,已自动领取
XIANGCAIZHENHAOCHI,,759830,china,2025-03-22T16:49:46.128308Z,已自动领取
2025SWLAIZHANGSHA,,ZQLDHJ,china,2025-03-22T16:51:14.491477Z,已自动领取
XIANGCAIZHENHAOCHI,,ZQLDHJ,china,2025-03-22T16:51:58.707281Z,已自动领取
2025SWLAIZHANGSHA,,zhang921027,china,2025-03-22T16:53:35.826138Z,已自动领取
XIANGCAIZHENHAOCHI,,zhang921027,china,2025-03-22T16:55:19.830389Z,已自动领取
2025SWLAIZHANGSHA,,hyyni1234,china,2025-03-22T16:55:49.435838Z,已自动领取
XIANGCAIZHENHAOCHI,,hyyni1234,china,2025-03-22T16:56:59.941795Z,已自动领取
2025SWLAIZHANGSHA,,ZXFAILXY0322,china,2025-03-22T16:58:07.697453Z,已自动领取
XIANGCAIZHENHAOCHI,,ZXFAILXY0322,china,2025-03-22T16:59:33.058961Z,已自动领取
2025SWLAIZHANGSHA,,linchao0510,china,2025-03-22T17:01:37.974449Z,已自动领取
XIANGCAIZHENHAOCHI,,linchao0510,china,2025-03-22T17:02:37.596211Z,已自动领取
2025SWLAIZHANGSHA,,gcnu2768,china,2025-03-22T17:04:22.553110Z,已自动领取
XIANGCAIZHENHAOCHI,,gcnu2768,china,2025-03-22T17:05:01.579224Z,已自动领取
2025SWLAIZHANGSHA,,wwcc998,china,2025-03-22T17:06:48.763171Z,已自动领取
XIANGCAIZHENHAOCHI,,wwcc998,china,2025-03-22T17:08:55.234443Z,已自动领取
2025SWLAIZHANGSHA,,78619630,china,2025-03-22T17:09:18.557896Z,手动领取过
XIANGCAIZHENHAOCHI,,78619630,china,2025-03-22T17:09:55.224701Z,手动领取过
2025SWLAIZHANGSHA,,jk187,china,2025-03-22T17:10:36.628709Z,手动领取过
XIANGCAIZHENHAOCHI,,jk187,china,2025-03-22T17:11:06.500721Z,手动领取过
2025SWLAIZHANGSHA,,dshujun,china,2025-03-22T17:12:51.555778Z,手动领取过
XIANGCAIZHENHAOCHI,,dshujun,china,2025-03-22T17:14:54.287695Z,手动领取过
2025SWLAIZHANGSHA,,kkws228,china,2025-03-22T17:15:59.153674Z,已自动领取
XIANGCAIZHENHAOCHI,,kkws228,china,2025-03-22T17:17:51.662314Z,已自动领取
2025SWLAIZHANGSHA,,1029709109,china,2025-03-22T17:19:06.625222Z,已自动领取
XIANGCAIZHENHAOCHI,,1029709109,china,2025-03-22T17:20:02.734673Z,已自动领取
2025SWLAIZHANGSHA,,yh.24288,china,2025-03-22T17:21:07.437594Z,已自动领取
XIANGCAIZHENHAOCHI,,yh.24288,china,2025-03-22T17:21:51.532426Z,已自动领取
2025SWLAIZHANGSHA,,hedgehogss,china,2025-03-22T17:23:43.296230Z,已自动领取
XIANGCAIZHENHAOCHI,,hedgehogss,china,2025-03-22T17:24:31.239682Z,已自动领取
2025SWLAIZHANGSHA,,si04172,china,2025-03-22T17:25:16.824536Z,已自动领取
XIANGCAIZHENHAOCHI,,si04172,china,2025-03-22T17:27:14.128303Z,已自动领取
2025SWLAIZHANGSHA,,828511124,china,2025-03-22T17:28:57.538573Z,已自动领取
XIANGCAIZHENHAOCHI,,828511124,china,2025-03-22T17:30:55.323949Z,已自动领取
2025SWLAIZHANGSHA,,1711365230,china,2025-03-22T17:32:16.916287Z,已自动领取
XIANGCAIZHENHAOCHI,,1711365230,china,2025-03-22T17:32:49.477816Z,已自动领取
2025SWLAIZHANGSHA,,ycshangtian,china,2025-03-22T17:34:17.580026Z,手动领取过
XIANGCAIZHENHAOCHI,,ycshangtian,china,2025-03-22T17:35:20.511916Z,手动领取过
2025SWLAIZHANGSHA,,lz0319,china,2025-03-22T17:36:10.040491Z,已自动领取
XIANGCAIZHENHAOCHI,,lz0319,china,2025-03-22T17:37:26.298057Z,已自动领取
sw2025mar1n3,,tth578,china,2025-03-23T21:02:01.840715Z,已自动领取
